chat_id,nombre,texto,esperado,fecha
1001,Lucía,hola,saludo,1760000000
1001,Lucía,cuanto cuestan unos lentes con medida?,precio_lentes,1760000060
1001,Lucía,y en cuanto tiempo me los entregan,tiempo_entrega,1760000120
1001,Lucía,aceptan yape?,pago,1760000180
1001,Lucía,gracias!,despedida,1760000240
1002,Jorge,Buenas tardes,saludo,1760000300
1002,Jorge,A qué hora cierran el sábado?,horario,1760000360
1002,Jorge,Dónde queda su local?,ubicacion,1760000420
1003,Rosa,Mi hija de 6 años necesita lentes,ninos,1760000480
1003,Rosa,hacen el examen de la vista a niños?,examen_vista,1760000540
1003,Rosa,cuánto cuesta el examen?,examen_vista,1760000600
1004,Pedro,se me rompió la montura se puede soldar?,reparacion,1760000660
1004,Pedro,cuanto cobran por arreglarla,reparacion,1760000720
1005,Ana María,tienen pupilentes de colores?,lentes_contacto,1760000780
1005,Ana María,cuánto vale la caja de lentes de contacto mensuales,lentes_contacto,1760000840
1006,Carlos,trabajo todo el día en la computadora tienen lunas con filtro,lunas_blue,1760000900
1006,Carlos,se puede pagar en cuotas con tarjeta de crédito?,pago,1760000960
1007,Elena,Quiero hablar con un asesor por favor,pide_persona,1760001020
1007,Elena,hola?,en_manos_de_asesor,1760001080
1007,Elena,menu,inicio,1760001140
1007,Elena,tienen lentes progresivos?,progresivos,1760001200
1008,Miguel,Quiero poner un reclamo mis lentes llegaron rayados,reclamo,1760001260
1009,Sofía,necesito separar una cita para mañana en la tarde,cita,1760001320
1009,Sofía,puedo traer la receta de mi oftalmólogo?,receta_externa,1760001380
1010,Diego,hacen envíos a provincia? estoy en Arequipa,delivery,1760001440
1010,Diego,cuánto cuesta el delivery en Lima,delivery,1760001500
1011,Valeria,hay alguna promoción este mes?,promociones,1760001560
1011,Valeria,tienen descuentos para estudiantes,promociones,1760001620
1012,Luis,trabajan con EPS Pacífico?,seguro,1760001680
1012,Luis,me dan boleta para pedir reembolso a mi seguro,seguro,1760001740
1013,Carmen,mis lentes nuevos tienen un defecto en la bisagra cubre la garantía?,garantia,1760001800
1014,Raúl,venden lentes de sol polarizados con medida?,lentes_sol,1760001860
1015,Patricia,necesito bifocales para leer de cerca,progresivos,1760001920
1016,Andrés,qué tal el clima hoy,aclarar,1760001980
1016,Andrés,quién ganó el partido,sin_respuesta,1760002040
1017,Gabriela,,no_texto,1760002100
1018,Fernando,atienden los domingos?,horario,1760002160
1019,Isabel,cuánto demora hacer unos lentes progresivos,tiempo_entrega,1760002220
1020,Tomás,/start,inicio,1760002280
1020,Tomás,quiero que me devuelvan mi dinero,reclamo,1760002340
1021,Julia,me pueden mandar los lentes a mi casa en Surco,delivery,1760002400
1022,Martín,cuál es la dirección de la óptica,ubicacion,1760002460
1023,Natalia,puedo pagar con plin,pago,1760002520
1024,Óscar,necesito saber mi medida no sé cuánto tengo,examen_vista,1760002580
1025,Beatriz,precio de monturas para niños,ninos,1760002640
1026,Hugo,es una estafa nadie me responde,reclamo,1760002700
1027,Silvia,hola buenos días,saludo,1760002760
1028,Ramiro,quiero agendar un turno para examen,cita,1760002820
